id,reason,timestamp,postal_code
4220,7,2020-03-22 19:26:40,4042
73272,6,2020-03-02 08:54:40,4008
42447,2,2020-02-28 05:17:23,3106
99662,3,2020-03-12 10:31:57,3110
81153,4,2020-03-09 07:19:36,3075
42648,5,2020-03-10 09:16:11,3061
31958,1,2020-03-10 08:43:48,3035
67424,7,2020-03-24 06:50:25,4001
57780,5,2020-03-27 08:07:53,4182
35072,3,2020-03-02 15:37:17,3036
70626,1,2020-03-09 13:44:24,3150
91784,7,2020-03-20 15:49:18,3031
83288,4,2020-03-23 18:30:03,3111
37866,7,2020-03-08 02:36:59,4194
49307,5,2020-02-29 18:09:35,3071
99092,4,2020-03-21 09:53:49,3011
60792,7,2020-03-27 01:50:04,4042
80802,4,2020-03-26 21:18:22,3100
89757,1,2020-03-23 09:47:02,3082
12321,2,2020-03-17 20:52:54,4103
12436,4,2020-03-21 13:31:07,4105
47013,2,2020-03-25 12:08:29,4104
89221,5,2020-03-02 01:09:52,3106
78647,8,2020-03-22 13:27:00,3025
2200,7,2020-03-24 02:43:32,4155
3265,5,2020-02-29 19:19:38,3117
70287,1,2020-03-20 02:21:32,4157
83240,5,2020-03-03 04:33:32,3020
41146,4,2020-03-11 02:16:24,3050
84993,1,2020-02-27 23:04:08,4181
7536,2,2020-03-19 10:51:05,3090
50193,8,2020-03-16 15:46:08,3117
26006,8,2020-03-12 12:31:32,4191
74847,4,2020-03-01 06:48:41,3040
94543,7,2020-03-26 11:05:43,3081
24070,4,2020-03-22 05:30:45,3107
27395,1,2020-03-15 01:32:38,3022
66897,8,2020-03-04 17:03:29,4192
94089,2,2020-02-27 05:48:35,3017
8435,6,2020-03-20 10:15:21,3076
29333,4,2020-03-12 10:09:57,4194
66859,2,2020-03-05 23:33:57,3101
50723,1,2020-03-13 22:55:39,3117
45401,7,2020-03-02 04:03:30,3118
99893,3,2020-03-25 23:32:09,3010
71549,4,2020-03-03 18:59:10,4152
50430,7,2020-03-21 06:36:09,4107
29150,4,2020-03-19 21:24:11,4190
64114,6,2020-03-22 00:53:34,3106
66884,6,2020-03-24 11:55:37,4049
73293,1,2020-02-27 04:57:14,3031
53980,1,2020-03-04 19:47:45,4156
48133,4,2020-02-29 22:10:16,3047
49926,3,2020-03-05 05:51:20,3065
17466,3,2020-03-01 20:29:23,4184
40443,6,2020-02-27 03:20:13,4107
71592,1,2020-03-02 08:45:07,3032
56922,7,2020-03-11 14:26:43,4104
39230,4,2020-03-06 16:53:53,4153
96337,3,2020-03-26 01:45:40,3013
46539,3,2020-03-15 06:12:44,3080
33607,5,2020-03-16 18:55:28,3067
39331,2,2020-03-13 06:51:43,3025
1807,8,2020-03-17 23:40:07,3013
39173,1,2020-03-27 00:51:49,3080
81911,6,2020-03-22 00:15:52,3045
13710,4,2020-03-15 10:10:17,3040
27038,8,2020-03-11 07:52:49,4103
46572,8,2020-03-14 18:43:07,3017
6178,5,2020-03-02 20:46:29,4187
6796,8,2020-03-03 07:59:07,4194
21441,8,2020-03-22 18:25:35,3067
62679,4,2020-03-15 05:53:00,4044
27571,5,2020-03-02 17:24:09,3077
80956,8,2020-03-16 08:41:05,3052
8229,5,2020-03-14 08:39:55,3051
81579,5,2020-03-17 22:40:18,3095
2033,4,2020-03-25 14:53:03,3012
90472,8,2020-03-03 11:13:39,3027
36898,2,2020-02-27 05:15:07,3070
47308,1,2020-03-13 23:34:17,4156
77185,1,2020-02-27 15:31:57,3011
6142,4,2020-03-11 17:30:35,3071
14080,1,2020-03-02 23:05:03,4040
7744,6,2020-03-17 23:30:31,3048
15954,5,2020-03-09 09:42:58,4003
36260,6,2020-03-03 23:29:34,3017
32813,6,2020-03-15 21:59:14,4152
22270,3,2020-03-16 14:27:55,3042
40122,1,2020-03-11 04:18:19,3011
69325,3,2020-02-29 19:27:30,3101
51664,8,2020-03-11 12:50:28,3118
57444,1,2020-03-08 04:22:13,3027
42816,1,2020-03-17 03:18:29,4184
68225,2,2020-03-03 20:15:56,4002
91492,1,2020-03-24 17:26:17,3106
50295,8,2020-03-15 22:12:42,3052
17260,1,2020-03-16 10:05:44,4190
30768,3,2020-03-21 16:25:20,4181
74243,4,2020-03-14 19:36:53,4182
72771,8,2020-03-06 09:42:51,3120
18338,7,2020-03-25 20:13:43,3045
60490,4,2020-03-01 17:01:28,3041
40575,5,2020-03-21 05:55:51,3080
15871,6,2020-03-26 08:35:02,4152
17489,8,2020-03-26 22:34:53,4192
92106,3,2020-03-25 10:10:16,4101
8123,6,2020-03-01 01:46:43,3056
50448,5,2020-03-08 03:53:02,3071
15793,6,2020-03-23 21:00:01,3020
76736,5,2020-03-14 10:50:07,4155
76405,2,2020-03-10 04:29:32,4002
17993,4,2020-03-07 22:53:37,3027
12405,6,2020-02-29 17:27:40,3117
76102,3,2020-02-28 19:11:52,4106
78504,2,2020-02-28 06:09:51,3085
81635,4,2020-03-05 11:45:57,3045
11561,5,2020-03-21 12:13:56,4042
89925,6,2020-03-09 23:44:51,4156
25841,2,2020-03-18 07:54:52,3118
45392,5,2020-03-24 09:25:38,3048
7912,1,2020-03-05 17:29:06,3013
61982,3,2020-03-25 05:59:33,4044
32681,8,2020-03-01 16:02:39,3086
14914,6,2020-03-12 03:10:50,3035
55906,2,2020-03-19 05:29:29,3045
30994,5,2020-03-03 03:50:57,3025
74234,6,2020-03-02 01:54:13,3107
10084,3,2020-03-22 01:50:37,4130
77139,3,2020-03-01 09:45:46,4008
13399,7,2020-03-21 13:41:11,4046
82160,2,2020-03-24 00:21:40,3106
64355,2,2020-03-25 11:13:37,4006
6451,5,2020-03-03 22:01:27,4194
88378,7,2020-03-19 13:28:12,3101
32256,6,2020-03-19 17:13:33,3020
76894,2,2020-03-23 23:52:40,3100
11375,1,2020-03-25 00:19:50,4107
26617,1,2020-03-05 06:58:30,4105
64829,4,2020-03-11 13:45:28,3061
29507,4,2020-03-21 14:58:02,4104
49087,5,2020-03-10 02:04:58,3077
22869,4,2020-03-27 07:02:58,3065
65336,7,2020-03-15 10:05:38,3056
2326,3,2020-03-08 02:23:33,3066
69816,8,2020-03-03 11:56:00,3031
42337,5,2020-03-21 09:43:41,4170
79210,2,2020-03-12 03:09:31,3070
43146,6,2020-03-10 17:50:03,4189
18577,4,2020-03-21 08:16:40,3042
94928,3,2020-03-13 17:43:33,4048
49996,3,2020-03-06 07:00:06,3036
22599,1,2020-03-23 11:11:08,3120
25362,1,2020-02-29 08:29:20,4102
61097,6,2020-03-25 23:08:19,4158
73200,4,2020-03-01 19:40:48,3021
24550,8,2020-03-27 01:01:46,4045
67775,3,2020-03-19 07:03:43,3016
25345,4,2020-02-28 23:52:54,4048
36285,2,2020-03-06 21:34:47,4044
57992,3,2020-03-08 20:49:17,3101
85404,8,2020-02-27 14:14:27,4100
2460,8,2020-03-23 15:05:34,3083
51438,7,2020-03-24 17:11:59,3041
12830,6,2020-03-05 16:40:33,3118
14976,2,2020-03-05 03:20:52,4156
27183,6,2020-03-07 22:29:14,4045
72719,6,2020-03-03 19:48:32,3091
32058,3,2020-02-27 09:40:11,4100
52549,8,2020-03-04 18:24:16,4045
94631,6,2020-03-23 07:50:06,4180
60105,2,2020-03-04 10:39:31,3112
18863,2,2020-03-02 14:08:47,3087
2379,6,2020-03-22 12:52:26,3030
97038,5,2020-03-06 09:19:12,4158
65870,4,2020-03-23 19:34:48,4104
87135,6,2020-03-20 10:58:51,4170
77772,6,2020-03-23 06:00:32,4000
13663,6,2020-02-29 17:00:43,4048
97255,8,2020-03-09 22:32:13,4002
26575,3,2020-03-12 23:35:36,4191
3187,1,2020-03-20 06:25:01,3032
69689,7,2020-03-02 04:22:15,3067
54711,4,2020-03-02 03:21:33,4005
80947,6,2020-03-19 19:25:04,3060
29329,8,2020-03-18 06:54:23,3061
32112,5,2020-03-20 03:19:41,3060
42654,7,2020-03-23 16:52:10,3076
31583,8,2020-03-17 02:52:42,4190
6695,2,2020-03-11 23:16:55,4004
39641,2,2020-03-12 18:41:47,4159
5579,4,2020-03-10 01:16:09,4047
89969,5,2020-02-28 03:35:07,3052
65600,8,2020-03-01 17:31:41,3021
77088,1,2020-03-12 17:24:08,3042
11204,8,2020-03-20 09:21:44,4192
59690,6,2020-03-03 18:34:47,3012
65620,5,2020-03-06 05:36:33,3077
86828,2,2020-03-18 21:48:29,4105
53186,5,2020-03-27 17:57:41,3022
32982,7,2020-03-23 14:24:20,4191
64324,4,2020-03-08 13:49:35,4157
35576,4,2020-03-04 03:54:52,4041
39025,3,2020-03-27 07:34:20,3113
39876,2,2020-03-04 14:57:04,4158
61497,8,2020-03-06 19:18:47,4150
35577,6,2020-03-26 15:10:39,3048
17532,3,2020-03-27 21:14:51,3042
64071,4,2020-03-14 09:11:58,4180
41490,4,2020-03-02 16:14:55,3032
91310,6,2020-03-03 05:49:48,4100
10852,4,2020-03-01 03:50:23,4189
18383,2,2020-03-07 19:50:17,3022
31188,8,2020-03-21 14:05:12,4105
35507,8,2020-03-09 21:22:09,3086
30202,7,2020-03-18 11:35:32,4102
72316,5,2020-03-26 07:25:52,4043
25976,1,2020-03-21 07:28:49,4045
96002,8,2020-03-05 08:40:13,4182
29046,8,2020-03-17 05:25:20,4044
24769,3,2020-03-15 03:49:10,3060
25392,1,2020-03-10 19:20:16,3117
85993,7,2020-03-26 22:38:34,4045
62086,1,2020-03-24 00:35:57,3060
72312,5,2020-03-23 14:36:27,3110
46788,3,2020-03-20 16:49:44,3077
38354,7,2020-03-27 13:11:54,4101
37834,7,2020-02-28 04:19:49,4186
78134,6,2020-03-17 08:05:00,4131
44764,2,2020-03-10 17:11:13,4000
72588,6,2020-03-21 07:22:38,4044
86733,2,2020-02-27 09:15:37,3111
36891,3,2020-03-26 02:50:24,4187
71919,8,2020-03-01 20:01:06,4008
29036,6,2020-03-26 13:46:33,4047
68022,3,2020-03-15 18:09:12,4170
47927,8,2020-03-08 13:25:30,3076
90740,8,2020-02-29 13:41:27,3080
66618,7,2020-03-21 21:08:30,4188
67264,6,2020-03-18 14:30:09,3067
44361,2,2020-02-28 17:36:15,4040
4426,4,2020-03-19 12:55:11,4104
91194,7,2020-02-28 10:12:11,3050
74926,5,2020-03-11 10:37:54,4190
32985,2,2020-03-24 18:19:53,3091
21528,8,2020-03-11 12:30:54,3035
12933,8,2020-03-04 10:43:26,3150
67402,1,2020-03-24 13:12:12,3118
9533,2,2020-03-17 23:53:38,3048
70230,6,2020-03-13 21:03:10,3027
98926,4,2020-03-03 14:53:00,3046
21525,6,2020-03-26 12:06:05,3042
66283,8,2020-03-07 09:19:26,3061
2442,7,2020-03-08 09:06:03,3050
31195,3,2020-03-04 15:07:39,4042
44646,7,2020-03-26 13:46:02,3086
67420,8,2020-03-25 14:36:20,4155
80128,1,2020-03-04 09:22:00,3025
33991,8,2020-03-23 02:32:04,4152
38104,2,2020-03-26 13:47:14,3026
60417,1,2020-03-05 01:53:31,4105
22627,7,2020-03-05 19:57:56,3115
88031,1,2020-03-17 17:32:18,3077
66917,3,2020-03-03 13:46:06,4105
52859,4,2020-03-15 19:44:40,3087
74672,8,2020-03-09 03:39:46,3071
27081,1,2020-03-17 00:48:48,4190
53335,6,2020-03-04 12:04:48,4159
9555,8,2020-03-16 10:24:11,4005
34432,1,2020-03-19 15:23:21,4006
57051,6,2020-03-01 02:58:44,4007
23342,5,2020-03-10 06:04:47,3016
60463,4,2020-03-09 09:02:58,3027
31329,6,2020-03-21 11:31:55,4191
95104,5,2020-02-28 22:32:49,3105
35131,1,2020-03-01 15:38:55,3100
3817,5,2020-03-15 18:21:10,3071
81736,1,2020-03-07 21:17:37,4152
48038,7,2020-03-10 22:53:49,3061
38967,5,2020-03-10 01:34:33,4185
77728,4,2020-03-09 10:38:09,3016
66042,6,2020-03-25 21:35:28,4047
73728,1,2020-03-08 18:08:50,4194
84161,4,2020-02-27 08:37:52,3087
32328,2,2020-03-25 05:39:08,3048
28268,2,2020-03-04 12:07:00,4040
30791,2,2020-03-23 08:26:06,3013
31862,1,2020-03-27 16:35:56,4152
71540,7,2020-03-23 00:06:39,4049
77971,4,2020-03-03 16:07:43,4192
97254,7,2020-03-24 15:09:42,3118
45701,5,2020-03-10 10:40:36,4004
47088,5,2020-03-19 22:51:40,3080
16090,8,2020-03-03 02:59:47,3027
54798,1,2020-03-13 05:49:29,3095
53415,2,2020-03-05 11:36:15,4156
66454,3,2020-03-25 12:59:13,3013
39803,4,2020-02-29 00:40:57,3090
19722,6,2020-03-15 00:05:36,4108
10208,5,2020-03-20 22:58:51,4004
58286,4,2020-03-22 01:12:52,3080
80779,4,2020-02-29 02:18:42,3101
22577,4,2020-03-24 07:10:24,3020
7128,6,2020-03-05 22:45:22,3015
22837,1,2020-02-28 12:23:01,3035
99332,5,2020-03-25 22:28:41,4042
29834,7,2020-03-03 07:24:23,4040
50773,7,2020-03-22 23:17:18,3110
21488,3,2020-03-23 01:02:24,3047
50468,3,2020-02-28 23:13:17,4187
45536,7,2020-03-02 17:31:10,4044
18186,5,2020-03-06 00:54:35,3067
34457,7,2020-02-29 11:21:59,3060
38240,3,2020-03-02 18:46:30,4170
16764,4,2020-03-11 08:07:39,4000
39988,1,2020-03-08 13:53:08,3113
59868,6,2020-03-08 21:15:41,4192
4342,3,2020-02-27 12:00:31,3118
60815,1,2020-03-05 19:21:31,4187
10810,2,2020-03-13 10:21:23,4185
85131,7,2020-02-27 18:21:40,3040
56926,7,2020-03-03 11:56:24,4106
51398,8,2020-03-16 17:57:26,3067
59409,8,2020-03-04 10:56:30,4190
54595,7,2020-03-19 20:52:55,4191
10407,3,2020-03-08 20:01:56,3017
93691,7,2020-03-14 15:53:38,3095
47200,6,2020-03-22 06:19:58,4047
78686,8,2020-03-03 17:41:46,3076
39507,8,2020-03-01 14:42:45,4040
22580,4,2020-03-14 13:07:34,3048
54212,6,2020-03-04 10:45:48,3100
37122,8,2020-03-15 03:55:06,4047
67518,6,2020-03-07 12:52:05,3150
14157,7,2020-03-12 17:26:20,4189
29022,6,2020-03-26 04:51:17,3082
78492,2,2020-03-18 15:42:11,4193
76657,1,2020-03-15 22:12:22,4183
98366,4,2020-03-22 19:33:04,3117
88769,4,2020-03-17 03:52:48,4189
96386,7,2020-03-21 02:10:53,4001
11890,8,2020-03-16 16:09:18,4049
36325,1,2020-03-22 07:14:14,4107
51830,1,2020-03-27 14:49:54,4007
61911,2,2020-03-09 17:28:08,4008
16728,6,2020-03-07 21:39:05,4131
98054,5,2020-03-07 08:08:21,3101
21294,5,2020-03-21 02:14:11,4150
68316,7,2020-02-29 14:00:58,4042
83346,2,2020-03-20 05:21:31,3091
3439,8,2020-03-24 00:19:11,4170
39755,8,2020-03-17 05:15:57,4042
5292,4,2020-03-23 23:01:57,3017
33934,3,2020-03-17 20:20:42,3101
44065,3,2020-03-04 04:07:41,3083
44352,2,2020-03-01 04:45:02,4104
22673,4,2020-03-15 20:35:21,3091
14727,6,2020-03-25 19:53:57,3021
80884,6,2020-02-27 08:41:18,3010
32669,8,2020-03-03 11:09:20,3113
84522,5,2020-03-09 19:05:53,3095
68102,1,2020-03-18 12:12:32,3090
97486,2,2020-03-06 09:23:16,3032
55286,7,2020-02-28 02:50:59,4044
52401,4,2020-03-10 03:59:12,3042
12232,4,2020-03-21 04:16:52,3026
61688,1,2020-03-13 10:18:30,4001
59796,8,2020-03-16 23:27:38,3026
86319,1,2020-02-26 23:13:28,3077
52036,2,2020-03-15 05:20:09,4191
57615,2,2020-03-23 04:39:18,4044
75425,7,2020-03-12 09:59:14,4007
57327,4,2020-02-29 00:28:53,4150
57139,2,2020-03-20 08:38:14,4194
59391,6,2020-03-25 07:36:06,3110
37412,3,2020-03-12 17:04:35,4154
97017,6,2020-03-18 19:48:50,3021
94201,4,2020-03-10 10:06:32,3150
54251,7,2020-03-03 03:19:11,3065
85811,5,2020-03-08 06:22:45,3013
49847,1,2020-03-12 15:58:32,3056
91191,2,2020-03-02 05:47:07,4007
82105,2,2020-03-09 01:49:32,3076
31026,7,2020-03-14 20:07:17,4003
26699,8,2020-02-27 16:01:07,4130
15705,7,2020-03-17 05:34:22,3047
54020,3,2020-02-28 15:58:45,3025
46213,4,2020-03-22 08:33:25,4044
18558,1,2020-03-23 01:11:58,3032
27355,2,2020-03-22 10:46:33,3015
46614,6,2020-03-01 19:59:17,3087
76476,4,2020-03-14 05:17:17,3110
34639,2,2020-03-05 01:58:36,4191
65287,5,2020-03-14 00:31:31,3090
89202,2,2020-03-20 19:20:31,3095
33320,7,2020-03-02 00:55:10,4000
20349,6,2020-03-16 07:27:39,3087
98601,2,2020-03-09 15:07:05,3101
96520,3,2020-03-08 17:07:24,4100
49368,8,2020-03-06 17:42:34,3051
41966,7,2020-02-28 13:52:03,3101
28692,1,2020-03-21 06:17:36,3119
47698,8,2020-03-16 13:27:55,4182
18209,1,2020-03-05 02:52:56,4155
18269,2,2020-03-26 23:56:34,3077
9106,2,2020-03-09 13:27:58,4005
73808,4,2020-03-18 02:13:09,4044
15771,5,2020-03-15 15:31:08,4184
49568,1,2020-03-02 13:56:02,3090
29860,8,2020-03-04 10:30:35,3113
91959,2,2020-03-03 23:09:03,3010
48892,6,2020-03-11 12:23:21,4157
21564,5,2020-03-18 09:06:26,3076
21474,5,2020-03-23 14:17:06,4192
25304,7,2020-03-18 01:21:47,3027
79854,2,2020-03-01 22:13:44,3016
6898,3,2020-03-20 05:19:48,4158
1646,7,2020-03-05 21:51:39,4192
11603,6,2020-02-27 05:44:18,4183
85048,8,2020-03-16 04:28:57,4182
60758,2,2020-03-06 18:59:24,3110
56884,6,2020-03-06 19:56:15,4158
80683,3,2020-02-28 13:52:54,3025
16067,7,2020-03-24 03:45:20,3026
57058,5,2020-03-09 20:23:32,3050
22330,2,2020-03-11 18:46:04,3030
75832,3,2020-03-08 12:21:50,4008
24773,8,2020-02-27 04:59:14,3065
8173,8,2020-03-19 05:32:15,3060
39755,5,2020-03-15 08:16:58,4157
21977,5,2020-03-25 10:25:00,3106
96642,8,2020-03-26 03:07:38,3090
31956,7,2020-03-08 13:36:54,4046
50979,6,2020-03-05 11:49:43,3117
83176,2,2020-02-27 17:21:34,4180
36690,7,2020-03-23 12:49:38,4048
87098,1,2020-03-26 00:49:23,4107
31785,5,2020-03-08 07:24:17,4003
46517,6,2020-03-25 02:18:19,3030
52929,7,2020-03-19 18:11:21,4154
96397,4,2020-02-28 01:29:52,3052
91388,6,2020-03-18 11:17:46,3036
25951,5,2020-02-27 18:00:09,4043
25795,3,2020-03-14 15:22:58,4107
8856,7,2020-03-09 00:05:02,3017
49297,6,2020-03-18 16:12:41,3083
5260,5,2020-03-03 00:12:37,4131
92365,2,2020-03-18 17:54:43,3022
27976,6,2020-03-12 17:11:19,3095
2326,7,2020-02-29 05:52:48,4046
67318,2,2020-03-06 04:03:40,3096
21007,1,2020-03-04 13:33:30,4157
18939,5,2020-03-19 18:54:02,4159
8249,5,2020-03-17 21:05:20,4181
79959,1,2020-03-05 19:22:39,3119
76627,4,2020-03-21 15:24:03,3055
17373,7,2020-03-09 07:55:56,4151
76308,5,2020-03-23 17:30:03,3025
43366,4,2020-03-16 19:39:56,3025
20535,7,2020-03-09 20:46:41,3081
51247,4,2020-03-24 00:04:19,3060
86130,1,2020-03-01 01:44:47,3040
63175,2,2020-03-10 16:13:11,4188
15036,2,2020-03-26 05:03:02,3065
18302,6,2020-03-01 19:28:08,4187
42746,5,2020-03-20 15:55:42,3083
3906,8,2020-02-29 21:45:48,3020
22882,7,2020-03-12 01:07:22,3120
61215,8,2020-03-17 13:19:57,4156
49974,8,2020-03-08 04:48:09,3065
80784,3,2020-03-11 22:52:48,4188
5861,3,2020-03-13 21:08:04,3081
71618,6,2020-03-03 04:06:43,3112
73539,5,2020-03-25 01:20:14,4044
21677,3,2020-03-21 06:28:31,4102
67275,1,2020-03-19 11:06:01,3047
49251,3,2020-03-17 10:26:28,3046
37076,2,2020-03-09 23:59:46,3061
52398,5,2020-03-03 05:06:24,4000
77513,3,2020-02-27 22:53:35,4193
75000,1,2020-03-01 15:04:12,4002
97969,5,2020-03-23 07:53:49,3036
62673,3,2020-03-10 10:06:30,3036
55760,4,2020-03-09 22:50:44,4193
3300,7,2020-03-09 07:06:54,4185
16210,5,2020-03-24 23:33:37,4044
88611,8,2020-02-29 11:51:31,3032
43502,1,2020-03-17 08:39:25,3050
13543,6,2020-03-17 20:40:24,4048
5954,8,2020-03-24 11:18:42,4045
95140,3,2020-03-17 18:26:54,3101
45130,1,2020-03-03 03:58:09,3035
94175,6,2020-03-16 20:25:46,3050
74775,5,2020-03-21 18:39:33,4184
49668,1,2020-03-13 20:52:08,4185
44946,8,2020-02-28 03:55:36,3077
51202,5,2020-03-21 14:13:43,4188
65459,1,2020-03-01 17:03:17,4192
19292,4,2020-02-28 21:57:41,3115
64808,4,2020-03-14 17:55:14,4007
73692,8,2020-03-27 19:14:32,4155
92639,3,2020-03-03 07:14:53,3021
44521,2,2020-03-24 03:26:29,3067
46242,5,2020-03-20 23:56:50,4043
27131,2,2020-03-04 14:48:13,4190
4198,4,2020-03-02 16:06:08,3013
98769,4,2020-03-19 20:19:07,4186
74830,3,2020-03-22 05:25:22,3012
66135,1,2020-03-07 09:38:42,4004
19640,8,2020-03-12 18:26:56,4103
34270,6,2020-03-09 10:23:47,3015
79942,5,2020-03-15 14:20:07,3071
40966,2,2020-03-10 20:57:29,4008
93207,7,2020-03-14 01:33:18,3061
4206,1,2020-03-25 04:10:20,3055
2339,7,2020-03-09 08:44:10,4181
74473,2,2020-03-19 11:36:45,4151
33119,7,2020-03-08 02:59:52,4190
44079,6,2020-03-11 14:46:09,3086
38388,5,2020-02-28 08:48:18,3106
67978,5,2020-03-13 20:02:14,3119
5131,7,2020-03-21 13:50:16,4102
84505,2,2020-02-27 08:47:00,4155
88478,5,2020-03-02 14:38:22,4159
18802,1,2020-03-15 13:40:41,3031
32050,6,2020-03-24 16:44:24,4049
14360,6,2020-03-26 05:13:50,3117
84817,1,2020-03-19 08:42:05,4151
22883,2,2020-03-21 07:55:43,4156
80964,5,2020-03-21 18:01:38,3040
24488,7,2020-03-12 16:06:56,4005
53793,2,2020-03-16 12:21:16,4159
22632,4,2020-03-10 08:41:06,3117
34178,3,2020-03-23 06:44:22,4170
97672,7,2020-03-07 13:58:47,3010
38699,3,2020-03-23 19:35:23,4040
61290,8,2020-03-20 04:05:03,4046
32393,6,2020-02-28 20:54:14,3056
45915,3,2020-03-08 22:05:04,4159
66518,3,2020-03-14 04:28:30,4049
76257,1,2020-03-09 05:16:35,4185
17061,7,2020-03-20 13:46:48,3110
32617,2,2020-03-20 02:42:05,4107
41984,7,2020-03-21 04:35:05,3042
9200,7,2020-03-07 10:59:51,3075
63135,4,2020-03-20 02:42:59,4006
64563,8,2020-03-11 01:23:34,3026
94200,6,2020-03-13 14:15:42,4159
75656,3,2020-03-15 21:23:55,3042
13253,3,2020-02-28 04:39:55,3086
38898,4,2020-03-03 09:20:06,3010
14694,4,2020-03-08 00:06:15,3118
18337,4,2020-02-27 01:12:09,4040
59643,4,2020-03-08 10:38:36,3016
55374,3,2020-03-16 19:16:20,3091
72785,1,2020-02-29 14:06:06,4105
52431,7,2020-03-19 02:53:03,3082
14341,8,2020-03-02 17:36:17,4102
9433,2,2020-03-15 19:20:35,3056
13501,3,2020-03-13 20:20:04,4193
13117,5,2020-03-21 04:20:22,4007
36462,3,2020-03-04 07:10:14,4008
55383,6,2020-03-04 05:47:58,4101
12008,2,2020-02-29 11:54:11,3031
97366,3,2020-03-13 11:53:37,4001
39972,2,2020-03-02 17:29:54,3100
1826,6,2020-03-19 20:22:11,3015
64053,4,2020-02-27 11:10:33,3035
13050,1,2020-03-20 05:22:49,3040
76447,7,2020-03-18 00:13:30,4044
96932,8,2020-03-15 02:52:58,4002
35514,7,2020-03-21 12:19:35,4042
38572,8,2020-03-18 11:47:45,3085
56139,1,2020-03-19 11:31:31,3065
75733,1,2020-03-23 14:34:59,3040
64674,5,2020-02-29 13:42:56,3012
10594,3,2020-03-23 20:43:32,4193
34917,8,2020-03-26 02:04:53,3076
10535,4,2020-03-18 07:25:22,3118
2378,3,2020-03-04 22:43:58,3032
44307,3,2020-03-18 05:46:09,3011
53154,1,2020-03-15 23:49:12,3046
56562,5,2020-03-07 03:05:46,4108
94400,6,2020-02-27 11:39:34,4041
75206,4,2020-03-13 04:31:58,4108
18304,5,2020-03-19 19:03:56,4188
52179,8,2020-03-12 18:16:41,4045
15619,1,2020-03-04 14:35:26,4194
6831,3,2020-03-03 19:32:07,4103
32325,7,2020-03-27 20:33:59,3150
78294,4,2020-03-11 19:12:54,3077
73157,8,2020-03-26 01:21:39,3101
7478,1,2020-03-10 17:37:10,4184
46346,5,2020-03-05 08:23:13,4182
15008,2,2020-03-27 09:41:23,3081
37787,3,2020-03-24 18:28:08,4183
20509,1,2020-03-22 23:10:51,4156
8161,5,2020-03-18 20:39:43,3076
55121,7,2020-03-09 06:31:39,4159
77274,3,2020-03-23 19:34:51,3017
58182,2,2020-03-02 08:00:46,4040
37316,7,2020-03-21 23:35:56,4191
36061,6,2020-03-25 04:29:57,3119
39492,5,2020-03-15 06:18:24,3055
69199,5,2020-03-05 14:38:38,3031
7984,6,2020-03-10 08:42:14,3082
65406,8,2020-02-27 15:15:52,3076
1441,1,2020-02-29 02:50:02,3082
55232,1,2020-03-18 22:12:10,4006
40173,6,2020-03-16 03:15:14,3105
39616,2,2020-03-08 16:38:57,4049
39401,2,2020-03-11 17:41:09,3080
99815,4,2020-03-03 09:00:03,4150
7697,5,2020-03-07 10:57:31,3105
22094,4,2020-02-28 21:03:25,3050
87830,3,2020-02-29 16:46:42,4155
5129,7,2020-03-22 14:49:34,4104
30022,3,2020-03-13 23:10:16,4001
70996,8,2020-02-27 10:17:12,3041
29115,1,2020-03-19 12:53:53,3110
27583,3,2020-03-16 16:01:42,3021
49665,4,2020-03-16 17:01:14,3150
83608,5,2020-02-29 09:27:49,3050
43453,1,2020-03-04 17:57:31,3020
26817,1,2020-03-21 02:46:45,4005
53634,6,2020-03-13 08:03:55,3045
46105,1,2020-03-13 07:26:37,3085
69327,1,2020-02-28 02:44:50,3100
26419,8,2020-03-10 09:25:57,3091
17826,8,2020-03-01 20:50:18,3091
27846,7,2020-03-01 08:02:04,3010
54888,7,2020-03-18 00:13:15,4104
53886,3,2020-03-20 14:35:04,3015
47574,4,2020-03-12 11:38:55,3052
5507,7,2020-03-12 21:32:38,4187
32563,7,2020-03-08 07:36:16,4045
57701,2,2020-03-03 11:20:22,4103
8268,4,2020-03-17 04:07:53,3107
66857,2,2020-03-11 05:17:11,3056
63362,2,2020-03-06 16:34:04,4185
13327,1,2020-03-02 14:51:36,3077
39049,5,2020-03-15 10:35:17,3082
4660,5,2020-03-23 05:04:05,4040
46564,8,2020-03-14 03:50:55,3021
21143,7,2020-03-21 04:58:30,4192
85129,8,2020-03-14 05:10:44,3013
92970,7,2020-03-25 09:50:58,4040
81474,4,2020-03-22 20:14:00,3027
52863,4,2020-03-21 07:47:17,3010
78722,3,2020-03-10 17:54:09,3016
70742,2,2020-03-05 17:15:31,3050
97011,1,2020-03-01 20:16:09,3070
78532,8,2020-03-03 13:47:37,4192
20280,7,2020-03-04 12:53:49,4159
9197,3,2020-02-27 21:04:07,4102
37947,7,2020-03-05 16:25:41,4187
5549,6,2020-03-06 19:14:45,3051
88361,2,2020-02-28 12:36:50,3052
25666,7,2020-02-28 20:28:05,4156
64213,2,2020-03-24 04:37:33,4158
36341,3,2020-03-01 02:53:08,4105
43722,3,2020-03-26 08:01:42,4191
41012,5,2020-03-08 02:18:33,4001
52710,6,2020-03-01 06:44:40,3105
40210,5,2020-03-21 12:28:44,4000
37387,7,2020-03-04 01:41:02,3117
10590,3,2020-03-05 21:27:15,3096
5345,1,2020-03-07 23:51:05,3052
55811,4,2020-03-01 23:42:05,3021
44296,3,2020-02-29 12:29:37,3055
63028,1,2020-03-13 15:31:07,3101
25811,1,2020-03-01 02:31:58,4044
18927,2,2020-02-28 09:34:07,4193
4784,1,2020-02-27 01:38:12,3030
29495,4,2020-03-05 05:51:39,3091
34496,6,2020-03-01 05:48:55,4101
14496,1,2020-02-29 00:47:41,4170
17807,3,2020-03-26 17:10:15,4156
47304,6,2020-03-13 13:45:47,4152
78174,6,2020-03-16 11:37:03,3107
90510,6,2020-03-15 16:00:39,4183
71400,3,2020-03-19 04:37:10,4042
24836,5,2020-03-01 21:31:38,4191
45048,5,2020-03-13 08:49:54,3090
4571,6,2020-03-18 00:14:50,4154
29899,6,2020-03-16 21:28:10,4006
23639,6,2020-03-06 22:02:53,3075
58009,5,2020-03-08 03:53:25,4045
13439,6,2020-03-13 14:48:27,4106
60128,6,2020-02-29 11:00:06,4047
83781,4,2020-03-03 08:06:16,3065
69086,7,2020-03-24 05:27:20,4191
19071,3,2020-03-07 18:02:13,4131
84164,8,2020-03-10 23:33:30,4153
34145,2,2020-03-01 10:00:28,4156
88794,7,2020-03-18 05:10:37,3040
40847,5,2020-03-23 13:38:41,3012
89986,7,2020-02-29 16:11:35,4155
41237,8,2020-02-28 11:56:29,3045
25841,4,2020-03-21 10:24:54,3048
53947,2,2020-03-17 08:30:59,4108
37174,1,2020-03-21 17:03:17,3055
95016,2,2020-03-10 11:13:04,3070
83254,1,2020-02-29 05:09:34,4001
64211,2,2020-03-04 09:27:53,3085
77129,6,2020-02-28 22:30:34,4154
41574,2,2020-03-15 00:16:55,4102
14938,7,2020-03-18 11:35:12,4105
97181,7,2020-03-04 13:34:43,3107
4331,3,2020-03-12 05:40:05,4048
41641,5,2020-03-10 04:30:52,3011
37383,2,2020-03-08 02:03:18,3087
94648,2,2020-03-10 04:39:59,3035
47321,7,2020-03-23 10:36:44,4183
37269,7,2020-03-07 19:10:44,3118
79400,1,2020-03-21 11:29:55,4005
30835,8,2020-03-25 03:09:46,3115
27755,7,2020-03-25 04:45:27,3036
75037,1,2020-03-20 12:19:26,3101
73353,1,2020-03-14 01:24:46,3076
28300,5,2020-03-10 19:17:20,4193
61323,5,2020-03-17 05:00:07,3095
58419,7,2020-03-06 08:23:58,4170
47229,5,2020-03-26 09:23:53,3013
24617,7,2020-03-14 22:50:18,3051
31415,4,2020-03-06 23:29:56,3046
12902,5,2020-03-12 04:32:33,4159
94970,4,2020-03-05 14:21:14,3113
34548,4,2020-03-21 10:58:18,3081
92146,2,2020-02-28 03:58:59,4008
74650,5,2020-02-28 05:38:07,3020
30899,1,2020-03-18 23:16:40,3042
43362,7,2020-03-01 07:20:08,3015
31972,2,2020-03-27 09:02:05,3080
66098,6,2020-03-02 14:04:26,4189
54778,5,2020-03-26 03:35:13,4189
27361,4,2020-03-11 11:39:35,4150
12661,3,2020-03-16 00:26:18,4154
96542,5,2020-03-22 07:35:10,3031
6830,6,2020-03-22 16:19:43,3075
14189,7,2020-03-06 00:00:23,3041
11453,8,2020-03-27 13:07:44,3031
92024,7,2020-03-19 18:38:56,3025
98433,7,2020-03-23 19:47:01,4049
14003,2,2020-03-10 18:29:13,4183
20937,1,2020-03-20 01:50:47,4191
36990,3,2020-03-01 11:00:29,4185
72688,5,2020-03-08 14:06:25,3106
13974,5,2020-03-06 11:46:34,3030
55578,2,2020-03-01 09:01:03,3115
35160,1,2020-03-06 00:47:03,3119
76146,6,2020-03-06 07:24:43,3045
12598,7,2020-03-09 18:25:36,3082
65570,4,2020-03-15 06:10:56,4045
75160,6,2020-03-27 21:30:04,3012
64915,7,2020-03-04 17:49:12,4046
50306,1,2020-03-20 16:46:17,3045
44308,6,2020-03-19 14:26:11,3077
65179,4,2020-03-01 10:13:00,3066
24574,3,2020-03-23 03:34:11,4152
90190,2,2020-03-10 09:14:58,3076
15099,7,2020-03-17 05:16:56,4047
6175,7,2020-03-26 17:36:22,4103
43149,3,2020-03-09 22:15:44,4190
93669,1,2020-02-29 14:10:48,3052
80840,3,2020-03-04 02:33:09,3083
68231,5,2020-03-11 04:10:25,3036
64213,4,2020-03-06 10:23:56,3096
38493,4,2020-02-28 15:03:03,3095
4121,3,2020-03-09 07:19:19,4006
45862,8,2020-03-15 19:04:54,3055
34250,7,2020-03-18 03:18:54,4002
40491,1,2020-03-03 04:38:12,3045
7724,4,2020-03-11 02:35:03,3011
5407,4,2020-03-26 19:18:50,4157
15716,6,2020-03-01 08:48:21,3077
49743,4,2020-02-27 12:22:35,3027
30372,2,2020-03-13 19:59:22,3017
57506,7,2020-03-21 01:29:57,3067
11107,8,2020-03-08 02:34:59,3085
38051,4,2020-03-26 17:49:02,4040
65719,4,2020-03-14 15:56:19,3070
31764,2,2020-03-06 14:07:46,4131
49333,8,2020-03-22 12:04:52,4181
97212,3,2020-03-08 13:54:18,3016
92951,6,2020-03-24 22:06:58,3087
87102,7,2020-02-29 12:53:32,3080
2195,4,2020-03-08 20:02:53,3107
85489,8,2020-02-28 03:53:58,3015
57895,6,2020-03-25 04:19:01,3096
22938,2,2020-03-13 09:28:47,3076
28181,3,2020-03-04 07:07:07,3118
99185,6,2020-03-11 14:52:40,4005
97632,4,2020-03-14 18:09:09,3027
89426,5,2020-03-25 20:02:23,3096
13908,6,2020-03-10 05:23:25,3015
35476,3,2020-03-14 06:23:26,4101
76333,4,2020-03-20 08:08:52,4044
11303,1,2020-03-23 15:29:29,3048
49021,4,2020-03-11 09:08:46,3012
26658,7,2020-03-22 22:08:29,3056
12977,8,2020-02-27 11:32:13,4006
79838,2,2020-03-05 06:04:18,3110
56875,1,2020-03-27 16:34:53,4104
20942,5,2020-03-05 16:08:46,3076
87696,5,2020-03-20 23:59:25,4154
80683,8,2020-03-16 09:57:56,4156
35543,3,2020-03-22 21:11:39,3120
95708,6,2020-03-22 11:28:36,4041
27436,5,2020-03-26 00:52:28,3050
86066,6,2020-03-01 00:46:37,3021
78703,1,2020-03-09 13:45:33,3048
53571,8,2020-03-14 21:13:56,3083
69116,5,2020-03-21 07:50:51,4188
28245,1,2020-03-10 06:20:10,4100
70033,3,2020-03-22 16:14:29,3085
87086,8,2020-03-01 08:30:43,3017
48671,8,2020-03-15 20:43:21,4150
45335,2,2020-03-19 17:43:03,4100
54481,6,2020-03-21 23:25:54,3150
15925,5,2020-03-18 23:08:29,3040
28198,8,2020-03-18 02:03:33,3117
20113,2,2020-02-29 03:02:35,3117
2316,4,2020-03-10 04:18:28,4183
62542,5,2020-03-13 16:27:54,3032
72043,5,2020-03-26 07:54:41,3115
35695,4,2020-03-03 14:40:27,4187
51955,4,2020-02-27 21:39:18,4189
20079,3,2020-03-07 20:01:21,4156
77129,8,2020-02-27 09:52:17,3047
2581,5,2020-03-22 19:32:38,4158
42888,4,2020-03-20 01:42:26,4041
97613,5,2020-03-03 21:34:51,3111
2168,6,2020-03-17 20:51:59,4103
90762,6,2020-03-11 02:36:15,4104
73225,3,2020-03-01 16:25:35,4041
21275,7,2020-03-08 17:26:08,3056
57550,2,2020-03-10 03:29:25,3085
91631,6,2020-03-23 16:21:22,3013
9693,3,2020-03-26 12:05:17,4155
70838,1,2020-03-23 14:46:35,3013
89788,1,2020-03-12 13:54:44,3047
89934,3,2020-03-03 08:10:05,4131
98476,3,2020-03-10 18:34:33,4008
60538,2,2020-03-13 14:10:56,4181
56947,3,2020-03-18 14:37:57,3041
44192,5,2020-03-14 15:51:31,3087
43126,8,2020-03-16 10:12:15,4184
56452,2,2020-03-14 01:32:15,4107
38652,4,2020-03-24 00:58:29,4101
51734,4,2020-03-10 16:49:52,3116
44126,8,2020-03-13 08:59:16,3052
36897,1,2020-03-22 19:32:59,3056
11677,2,2020-03-02 11:03:36,4182
1227,7,2020-02-27 01:44:11,4156
8562,6,2020-03-25 00:21:08,3025
69702,7,2020-03-17 17:13:30,3041
18613,6,2020-03-12 17:52:17,4102
29930,5,2020-03-20 00:24:38,4048
35584,8,2020-02-27 01:35:08,3026
49903,8,2020-03-19 06:32:40,4192
38277,1,2020-02-27 18:04:21,3017
32553,1,2020-03-04 18:24:00,4006
35306,2,2020-03-23 13:20:30,3066
93275,7,2020-03-26 18:27:10,3113
70204,2,2020-02-27 19:00:25,3052
42702,6,2020-03-22 00:10:38,3013
77894,7,2020-02-28 04:58:40,3081
31633,3,2020-03-12 10:49:53,3083
35356,7,2020-02-27 17:31:33,3031
50765,5,2020-03-18 20:02:00,3060
55770,3,2020-03-06 03:28:59,3105
49756,2,2020-03-11 02:43:33,3101
84190,1,2020-03-04 06:18:45,3026
79290,8,2020-03-17 20:55:11,4191
58742,8,2020-03-18 05:33:20,3013
65146,6,2020-03-06 02:20:55,4153
57914,4,2020-03-07 07:09:20,3117
64028,2,2020-03-21 10:45:19,3041
25723,4,2020-02-27 21:19:26,4100
91413,5,2020-03-13 01:41:26,3021
14968,5,2020-03-21 17:42:33,3113
46744,4,2020-03-11 05:47:40,3087
1282,1,2020-02-29 22:18:16,4005
97559,2,2020-03-05 18:41:46,3106
63261,7,2020-03-22 09:15:58,4104
66630,8,2020-03-09 18:19:27,3100
35302,5,2020-03-12 18:57:35,3105
18163,8,2020-03-03 07:12:00,4188
28243,4,2020-03-10 02:40:29,3015
59429,8,2020-03-18 01:55:14,4158
96753,3,2020-03-27 07:31:49,4049
39891,4,2020-03-05 14:15:45,4102
45726,3,2020-03-24 15:36:10,4043
83368,2,2020-03-21 17:12:33,3113
27877,3,2020-03-19 03:00:04,4185
30801,7,2020-03-09 14:46:24,4108
26499,2,2020-03-22 06:36:26,4130
5074,7,2020-03-21 11:12:30,4153
39682,7,2020-03-12 16:22:21,4153
40285,3,2020-03-04 13:39:15,3075
91818,2,2020-03-23 23:53:33,3111
91339,5,2020-03-26 13:03:28,4040
72383,7,2020-03-17 01:36:42,3016
99424,5,2020-03-11 15:12:21,3066
31016,4,2020-03-25 14:39:08,4005
36918,4,2020-03-02 18:21:20,3027
73164,8,2020-03-17 03:26:23,3076
66534,5,2020-03-01 04:27:25,4042
25493,2,2020-03-07 18:29:47,4187
97320,3,2020-03-01 18:37:01,4188
70530,6,2020-03-07 02:57:01,4000
95288,3,2020-02-29 21:02:52,4045
53852,2,2020-03-24 10:54:28,4047
8629,5,2020-02-29 02:16:22,4046
23083,2,2020-03-01 23:27:38,4182
92832,6,2020-02-28 15:44:13,4159
65042,2,2020-03-05 00:52:43,4106
63390,7,2020-03-20 04:23:03,3091
35619,6,2020-03-02 15:31:56,3083
2848,6,2020-03-08 22:59:59,3031
73138,5,2020-03-27 13:05:58,3076
14133,7,2020-03-12 09:44:06,3045
11373,7,2020-03-26 13:09:10,3118
23079,1,2020-03-22 23:34:51,4152
51666,8,2020-02-29 01:06:51,3112
17950,2,2020-03-04 10:09:11,3012
59319,1,2020-03-27 01:57:26,3031
58584,2,2020-03-02 09:55:37,4193
23131,6,2020-03-27 15:25:16,3117
4040,6,2020-03-16 23:05:16,4182
96161,8,2020-03-17 01:28:38,4000
88516,8,2020-03-02 17:31:11,3047
15243,8,2020-03-01 16:51:44,4189
46359,1,2020-02-27 23:39:43,4101
97071,3,2020-03-22 22:41:24,4130
15671,7,2020-03-06 12:37:17,3045
72419,1,2020-03-03 11:42:53,3082
73621,3,2020-03-23 18:02:25,4156
72538,3,2020-03-17 15:30:02,3015
57863,3,2020-03-04 18:29:41,3011
70254,1,2020-03-08 12:29:19,3022
58439,7,2020-03-15 17:23:49,4188
59088,4,2020-03-20 02:18:40,4182
50114,7,2020-03-24 20:01:48,4155
53413,7,2020-03-11 06:04:38,3016
14921,4,2020-03-15 11:23:05,3040
53357,3,2020-03-19 23:53:06,4156
48304,5,2020-03-18 08:57:10,4180
82117,3,2020-02-27 11:08:29,3117
36526,2,2020-03-19 05:50:42,4159
56386,4,2020-03-16 16:55:43,3119
86793,1,2020-03-10 11:02:16,3050
51098,4,2020-03-01 21:28:39,4182
7678,4,2020-03-09 22:13:28,3071
6252,2,2020-03-20 19:47:58,4046
98900,3,2020-03-06 08:19:29,4047
45775,5,2020-02-29 23:10:03,3015
55579,5,2020-03-16 15:27:51,3075
38619,5,2020-02-28 12:34:31,3150
15502,7,2020-03-04 05:04:37,4045
69187,8,2020-03-01 19:33:21,4180
51992,7,2020-03-22 10:43:53,4182
48655,5,2020-03-02 23:12:24,4045
13573,6,2020-03-25 14:04:34,4183
67623,7,2020-03-08 02:44:39,3032
15489,4,2020-03-18 14:06:24,3015
78433,6,2020-02-29 04:27:58,4002
68764,8,2020-03-21 13:54:47,3066
94706,4,2020-03-13 00:23:18,3010
40496,7,2020-02-28 07:37:47,4188
68656,7,2020-02-28 09:38:28,3065
38615,1,2020-03-14 21:54:50,3013
69555,1,2020-03-14 23:10:24,3017
44156,1,2020-03-08 06:55:10,4192
58843,2,2020-03-26 22:44:02,3150
50147,1,2020-03-25 15:08:46,4042
97727,3,2020-03-19 12:19:11,4193
29307,7,2020-03-20 00:15:19,3077
46574,5,2020-03-18 16:28:58,3096
14412,1,2020-03-26 17:17:29,4180
52551,7,2020-03-05 09:08:10,3075
57141,5,2020-03-26 06:16:10,3086
96491,2,2020-03-08 06:22:16,4183
25394,7,2020-03-27 11:34:11,3055
92689,4,2020-03-22 13:58:28,3120
19192,6,2020-02-27 09:59:20,3115
20025,3,2020-02-28 12:35:51,4159
25075,6,2020-03-22 14:12:11,3027
80152,2,2020-03-13 16:04:18,4183
76374,6,2020-03-18 00:48:16,3095
55404,6,2020-03-21 16:55:55,4159
10228,4,2020-03-21 05:13:34,3021
95507,2,2020-03-15 04:30:53,4006
6653,3,2020-03-13 00:23:07,3067
3532,3,2020-03-23 00:15:02,3035
95501,8,2020-03-14 16:52:16,4044
80892,3,2020-03-19 09:23:48,3051
33083,7,2020-03-11 03:46:04,3052
50639,8,2020-03-13 22:07:15,3065
